shapiro_duration,anderson_duration,dagostino_duration,shapiro_package,anderson_package,dagostino_package,shapiro_dram,anderson_dram,dagostino_dram,shapiro_peak_rss,anderson_peak_rss,dagostino_peak_rss
0.002335462486371398,0.002215811114659693,0.2148837314505805,0.0013032342540100217,0.0013214940219733518,0.21187163136462425,0.002365788444876671,0.002298176527019125,0.21452236802857477,0.16474387049674988,0.3007070639384424,0.21831541252319508
0.005179314408451319,0.015464670607991105,0.0005299082026300663,0.05249598249793053,0.10610281234670185,0.016440803164927544,0.028946444392204285,0.06625253042827516,0.009647656630240716,0.3301452398300171,0.45759615689851074,0.6059104740883658
0.8166757822036743,0.892727491557356,0.7026747480528557,0.33726486563682556,0.5325790034561927,0.3281377660176054,0.6068798303604126,0.5772255690916938,0.6520191555364983,0.34165051579475403,0.5172009261711008,0.2347707875759466
0.021491359919309616,0.009805605698644585,0.1508496778094515,0.07527558505535126,0.10899829418575158,0.027232191953659418,0.02791830524802208,0.012751608467529789,0.162357444263914,0.015087227337062359,0.016955898098236145,0.08988869992888442
0.35011956095695496,0.4332236582520845,0.5218639438260932,0.2922665774822235,0.3755926114735401,0.17363520315653563,0.31831109523773193,0.41248208319356133,0.5259177107706994,0.10681306570768356,0.19596159213317058,0.020201408473612376
0.33580219745635986,0.42311852323976606,0.4687472768004397,0.5776345133781433,0.6572104397399245,0.6687742677086059,0.33919674158096313,0.452494335132541,0.48338283921510117,0.9640015363693237,0.9362266752550349,0.7268295479694593
0.00017298237071372569,0.000586491048885961,2.8384050846974256e-05,0.002645819215103984,0.00817345091797033,0.00014938613639490104,0.00017565615416970104,0.0005818801249392407,3.0282994384280676e-05,0.07971043139696121,0.06912545939484031,0.3852278637369778
0.023494059219956398,0.05292299506706982,0.0019271071177544435,0.2737688422203064,0.14118819767318253,0.2168427981561857,0.01299640815705061,0.03437633715028784,0.0008508024435710283,0.4528409242630005,0.3867395110869047,0.7664071940506205
