shapiro_duration,shapiro_package,shapiro_dram,shapiro_peak_rss,anderson_duration,anderson_package,anderson_dram,anderson_peak_rss
0.002335462486371398,0.0013032342540100217,0.002365788444876671,0.16474387049674988,0.002215811114659693,0.0013214940219733518,0.002298176527019125,0.3007070639384424
0.023494059219956398,0.2737688422203064,0.01299640815705061,0.4528409242630005,0.05292299506706982,0.14118819767318253,0.03437633715028784,0.3867395110869047
0.00017298237071372569,0.002645819215103984,0.00017565615416970104,0.07971043139696121,0.000586491048885961,0.00817345091797033,0.0005818801249392407,0.06912545939484031
0.021491359919309616,0.07527558505535126,0.02791830524802208,0.015087227337062359,0.009805605698644585,0.10899829418575158,0.012751608467529789,0.016955898098236145
0.005179314408451319,0.05249598249793053,0.028946444392204285,0.3301452398300171,0.015464670607991105,0.10610281234670185,0.06625253042827516,0.45759615689851074
0.33580219745635986,0.5776345133781433,0.33919674158096313,0.9640015363693237,0.42311852323976606,0.6572104397399245,0.452494335132541,0.9362266752550349
0.35011956095695496,0.2922665774822235,0.31831109523773193,0.10681306570768356,0.4332236582520845,0.3755926114735401,0.41248208319356133,0.19596159213317058
0.8166757822036743,0.33726486563682556,0.6068798303604126,0.34165051579475403,0.892727491557356,0.5325790034561927,0.5772255690916938,0.5172009261711008
