spearman_dur-pckg,spearman_dur-dram,spearman_dur-peak_rss,spearman_pckg-dram,spearman_pckg-peak_rss,spearman_dram-peak_rss
0.00011203450639397582,9.307459988955517e-08,0.47649345335133597,2.279854920641689e-05,0.6140677514955037,0.4133266028608583
0.021665923367532435,6.646897422032013e-64,0.07387770688865801,0.021665923367532435,0.186904810349332,0.07387770688865801
0.8810361811618526,6.646897422032013e-64,0.8282024798594116,0.8810361811618526,0.0020857965053342974,0.8282024798594116
0.8287173946974606,1.4675461874042197e-06,0.21449233253280775,0.9602404181286243,0.6760651759978538,0.25999776683488757
0.0002044724061488323,2.279854920641689e-05,0.603217610029209,0.0002044724061488323,0.6760651759978538,0.9337729580941466
0.021665923367532435,6.646897422032013e-64,0.6627622972444478,0.021665923367532435,0.7892345325825416,0.6627622972444478
0.3848412302612835,6.646897422032013e-64,0.7763340602409095,0.3848412302612835,0.9734080635074243,0.7763340602409095
0.6271883447764844,6.646897422032013e-64,0.6760651759978538,0.6271883447764844,0.4670890543863402,0.6760651759978538
