shapiro_duration,anderson_duration,dagostino_duration,shapiro_package,anderson_package,dagostino_package,shapiro_dram,anderson_dram,dagostino_dram,shapiro_peak_rss,anderson_peak_rss,dagostino_peak_rss
0.12336604297161102,0.1728214965171356,0.04103338580977233,0.6212288737297058,0.7511120509316811,0.5881885765618318,0.9008710384368896,0.7824471892617604,0.935167033428695,0.17368265986442566,0.1750340126244604,0.9215926709853711
0.5743805766105652,0.7848297199936565,0.7255129254528272,0.4050203859806061,0.2825382176554556,0.5732044916376546,0.20466077327728271,0.1686594958378447,0.055956430863000735,0.4787200689315796,0.4708332593864586,0.8707273952770752
0.11777008324861526,0.16447912058287373,0.3524409635339843,0.33122166991233826,0.39225879476042913,0.33601617463945144,0.8526420593261719,0.8211074183322524,0.7712734393371997,0.17943769693374634,0.2963814945367126,0.3237712534685487
0.8901582956314087,0.9048025828941411,0.8202115919591046,0.725098192691803,0.8231981384919049,0.8371451452311056,0.32897308468818665,0.46851667032517735,0.4510207947711513,0.6711258888244629,0.577103144381905,0.9208466774902379
0.2611948847770691,0.25141922669181116,0.06920021615694136,0.39151686429977417,0.5192039786820628,0.5882479526160734,0.18843406438827515,0.2248712493864953,0.41696343699557437,0.22265742719173431,0.24885114008439327,0.8072751672194535
0.004001084715127945,0.01326407551376757,0.0002466510176058727,0.6004186272621155,0.5373136478339855,0.9951925390919687,0.6456660628318787,0.8660275174407056,0.6706160106082799,0.9136276245117188,0.8953072153153243,0.9751782443971607
0.582919180393219,0.4140402066396744,0.33888870253647707,0.8616504669189453,0.9383184544647765,0.808358117991536,0.574831485748291,0.5019741143718449,0.7732021636635904,0.046876102685928345,0.08073651643330916,0.07739502109727667
0.006152296904474497,0.01687732528191951,0.0004266570672898546,0.7158952355384827,0.6602182049509189,0.5515267438349186,0.40944936871528625,0.34325138098530295,0.3412107265216797,0.31299617886543274,0.41322272643901997,0.2923240696950821
0.41860532760620117,0.5801253613172349,0.5494462993341944,0.528634250164032,0.5196455330201653,0.9712408092545455,0.681058943271637,0.5021597238841995,0.9189973271919218,0.5619545578956604,0.725145076514445,0.7431726374236836
