shapiro_duration,shapiro_package,shapiro_dram,shapiro_peak_rss,anderson_duration,anderson_package,anderson_dram,anderson_peak_rss
0.12336604297161102,0.6212288737297058,0.9008710384368896,0.17368265986442566,0.1728214965171356,0.7511120509316811,0.7824471892617604,0.1750340126244604
0.5743805766105652,0.4050203859806061,0.20466077327728271,0.4787200689315796,0.7848297199936565,0.2825382176554556,0.1686594958378447,0.4708332593864586
0.11777008324861526,0.33122166991233826,0.8526420593261719,0.17943769693374634,0.16447912058287373,0.39225879476042913,0.8211074183322524,0.2963814945367126
0.8901582956314087,0.725098192691803,0.32897308468818665,0.6711258888244629,0.9048025828941411,0.8231981384919049,0.46851667032517735,0.577103144381905
0.2611948847770691,0.39151686429977417,0.18843406438827515,0.22265742719173431,0.25141922669181116,0.5192039786820628,0.2248712493864953,0.24885114008439327
0.004001084715127945,0.6004186272621155,0.6456660628318787,0.9136276245117188,0.01326407551376757,0.5373136478339855,0.8660275174407056,0.8953072153153243
0.582919180393219,0.8616504669189453,0.574831485748291,0.046876102685928345,0.4140402066396744,0.9383184544647765,0.5019741143718449,0.08073651643330916
0.006152296904474497,0.7158952355384827,0.40944936871528625,0.31299617886543274,0.01687732528191951,0.6602182049509189,0.34325138098530295,0.41322272643901997
0.41860532760620117,0.528634250164032,0.681058943271637,0.5619545578956604,0.5801253613172349,0.5196455330201653,0.5021597238841995,0.725145076514445
