spearman_dur-pckg,spearman_dur-dram,spearman_dur-peak_rss,spearman_pckg-dram,spearman_pckg-peak_rss,spearman_dram-peak_rss
0.8287173946974606,0.12755286970323426,0.6780153081135011,0.14965567342083677,0.7429377960955353,0.7826324269419428
0.9867429111949892,0.6271883447764844,0.3087986342680014,0.3654683104386702,0.5321220586935935,0.8675109976588954
0.13833369839449197,0.053717767217167395,0.048935410163560074,0.34659350708733405,0.9200750642705431,0.8935442648854668
0.4047016712701569,0.00034361219776328223,0.04259953984956121,0.4047016712701569,0.6118510379338833,0.3802438191056744
0.8027717312071619,0.32822651147136733,0.9598742082501845,0.3654683104386702,0.5410105897949293,0.15713915840788922
0.8810361811618526,0.0008138621117322101,0.7379379712336098,0.5334005612725947,0.14251791767625296,0.6875567115411831
0.3848412302612835,0.05997214247725524,0.8548130882487426,0.20042268671194224,0.32822651147136733,0.5334005612725947
0.24428229408662638,0.7009318849100584,0.5095614092618308,0.13833369839449197,0.8543750609172778,0.00978703990340832
0.3103760917056799,0.11730806555020223,0.3357822630985314,0.4670890543863402,0.06564599213625309,0.8938677821006586
