shapiro_duration,anderson_duration,dagostino_duration,shapiro_package,anderson_package,dagostino_package,shapiro_dram,anderson_dram,dagostino_dram,shapiro_peak_rss,anderson_peak_rss,dagostino_peak_rss
0.8880806565284729,0.8754330753693184,0.9823808849650136,0.25240907073020935,0.23229707485008952,0.28680884905942583,0.9523535966873169,0.9509880457466549,0.9337188670420117,0.8927118182182312,0.8056097669473815,0.9629630899222285
0.4313381314277649,0.2704655638824804,0.8524883513732535,0.6155136823654175,0.6805529150480585,0.7282446343751515,0.3343066871166229,0.28191222268407834,0.6332052237144219,0.16689498722553253,0.2272625263410045,0.25393599406078793
0.0003209359711036086,0.0008825293771510069,1.788975736473416e-05,0.00023432869056705385,0.0005049248961399296,1.742883179972354e-05,8.314437764056493e-06,1.8989646729573368e-05,1.9332361550103265e-06,0.0034800865687429905,0.006082842107772902,0.006657576958372694
0.7106615304946899,0.734090951114925,0.7151735721666531,0.46256572008132935,0.5583418203072195,0.5199735868564266,0.7818912267684937,0.8105104082068434,0.4687082172615523,0.36156702041625977,0.4973114907504384,0.3067457250066489
0.5060004591941833,0.5040489447915311,0.4164641562601097,0.049757491797208786,0.11512849706831184,0.005590974147372127,0.8427807092666626,0.9612187027485066,0.8161745345022426,0.012610545381903648,0.034035405912394116,0.0009247498328368236
0.7828052639961243,0.8602224101640679,0.9255611562238379,0.6228626370429993,0.5891574859100867,0.5848849763968056,0.6445251703262329,0.7410815652497356,0.7795881350051015,0.9639155864715576,0.9256701084113534,0.9968199031521121
0.2431238740682602,0.3599121188970975,0.16335622792626076,0.8265143632888794,0.8786129186048118,0.7042410671061383,0.05762124061584473,0.09825328938550704,0.06298583130028029,0.17134612798690796,0.28964864549336233,0.27971860385435376
0.20475810766220093,0.25043691710984056,0.13951391339481972,0.20108918845653534,0.14386758055922957,0.2869376267861672,0.2951531410217285,0.40586967135652213,0.5216372451825693,0.1448884755373001,0.12935881364196525,0.4035905079058354
