shapiro_duration,shapiro_package,shapiro_dram,shapiro_peak_rss,anderson_duration,anderson_package,anderson_dram,anderson_peak_rss
0.4313381314277649,0.6155136823654175,0.3343066871166229,0.16689498722553253,0.2704655638824804,0.6805529150480585,0.28191222268407834,0.2272625263410045
0.7106615304946899,0.46256572008132935,0.7818912267684937,0.36156702041625977,0.734090951114925,0.5583418203072195,0.8105104082068434,0.4973114907504384
0.20475810766220093,0.20108918845653534,0.2951531410217285,0.1448884755373001,0.25043691710984056,0.14386758055922957,0.40586967135652213,0.12935881364196525
0.7828052639961243,0.6228626370429993,0.6445251703262329,0.9639155864715576,0.8602224101640679,0.5891574859100867,0.7410815652497356,0.9256701084113534
0.8880806565284729,0.25240907073020935,0.9523535966873169,0.8927118182182312,0.8754330753693184,0.23229707485008952,0.9509880457466549,0.8056097669473815
0.5060004591941833,0.049757491797208786,0.8427807092666626,0.012610545381903648,0.5040489447915311,0.11512849706831184,0.9612187027485066,0.034035405912394116
0.0003209359711036086,0.00023432869056705385,8.314437764056493e-06,0.0034800865687429905,0.0008825293771510069,0.0005049248961399296,1.8989646729573368e-05,0.006082842107772902
0.2431238740682602,0.8265143632888794,0.05762124061584473,0.17134612798690796,0.3599121188970975,0.8786129186048118,0.09825328938550704,0.28964864549336233
