spearman_dur-pckg,spearman_dur-dram,spearman_dur-peak_rss,spearman_pckg-dram,spearman_pckg-peak_rss,spearman_dram-peak_rss
0.9337729580941466,0.07278593695976274,0.4429488649931106,0.04702445252859799,0.7499398453270247,0.07061769378576785
0.053717767217167395,0.0008138621117322101,0.603217610029209,0.08972402831709125,0.5795840000000001,0.8548130882487426
0.4047016712701569,0.0005421442248338665,0.27625533338543595,0.05997214247725524,0.4670890543863402,0.5108853175152002
0.08972402831709125,6.646897422032013e-64,0.9867025576451145,0.08972402831709125,0.1988934422361148,0.9867025576451145
0.03758837757140939,0.021665923367532435,0.42356778382654603,0.12755286970323426,0.750683041040583,0.7892345325825416
0.11730806555020223,0.00034361219776328223,0.6991741437226109,0.04791172612997547,0.3072109760502637,0.4535527319550734
0.8027717312071619,7.320974809529922e-06,0.39784806116316174,0.6271883447764844,0.22650280208660362,0.29244641610363287
0.48877630451924314,0.0011735381801554687,0.8935442648854668,0.2930500752928223,0.7499398453270247,0.40169500159656013
