shapiro_duration,anderson_duration,dagostino_duration,shapiro_package,anderson_package,dagostino_package,shapiro_dram,anderson_dram,dagostino_dram,shapiro_peak_rss,anderson_peak_rss,dagostino_peak_rss
0.11846605688333511,0.05477728819434205,0.3295822612691956,0.10686001926660538,0.20198500779289333,0.0374913241801745,0.18375569581985474,0.26865021048876,0.3080511330622431,0.6069886088371277,0.5248855804076331,0.302912837075536
0.9601120948791504,0.9452545124546796,0.9005592427122411,0.8696089386940002,0.8007171400570078,0.9711345673919606,0.43655386567115784,0.5094204485406582,0.3876952912140558,0.5651311278343201,0.5973583015742223,0.6504859486018906
0.7048162221908569,0.7400202152047022,0.6297273576555371,0.542578399181366,0.5666843334325381,0.4561786431350675,0.6662637591362,0.801117077620086,0.5534565341598963,0.09481672942638397,0.13309495131739474,0.1463578429034549
0.7076773643493652,0.6348831221441337,0.9587513289110684,0.021620385348796844,0.026999553534352492,0.030148496452661752,0.022054769098758698,0.03876008235460644,0.22778995843309446,0.31614065170288086,0.3658252797698068,0.6017897507446461
0.19502493739128113,0.19284377673442266,0.3255764693714247,0.11116700619459152,0.08632251405608354,0.08593120508431377,0.07035659998655319,0.1126332593227058,0.007863998375338778,0.4979570806026459,0.6721598131727169,0.562409481315121
0.6643965840339661,0.5110638348835644,0.7790025252193465,0.34612545371055603,0.3458406766993857,0.6032003979928304,0.0059515004977583885,0.01946309072189759,0.00032003536108535675,0.5697435736656189,0.5536235118343,0.8862947889161202
0.28535929322242737,0.3487250376184365,0.2906574293358374,0.5111381411552429,0.6005551082868797,0.13737370168508536,0.9606820940971375,0.9562677212394519,0.8931102430144486,0.5904615521430969,0.8293397502081641,0.5380881841653364
0.5314991474151611,0.7292967235097352,0.48883934648210015,0.7160586714744568,0.5193610856115861,0.3326230660558074,0.349513441324234,0.45745369744691966,0.5544138701608753,0.4302125871181488,0.5238884592065939,0.9078371855067234
0.33432096242904663,0.46557043000057274,0.5839369774342257,0.87986159324646,0.8922030640784792,0.7336867079696562,0.5610358119010925,0.6346762926993782,0.2596903964489387,0.2440529763698578,0.3375233734899135,0.18165843995117778
