shapiro_duration,shapiro_package,shapiro_dram,shapiro_peak_rss,anderson_duration,anderson_package,anderson_dram,anderson_peak_rss
0.7048162221908569,0.542578399181366,0.6662637591362,0.09481672942638397,0.7400202152047022,0.5666843334325381,0.801117077620086,0.13309495131739474
0.7076773643493652,0.021620385348796844,0.022054769098758698,0.31614065170288086,0.6348831221441337,0.026999553534352492,0.03876008235460644,0.3658252797698068
0.28535929322242737,0.5111381411552429,0.9606820940971375,0.5904615521430969,0.3487250376184365,0.6005551082868797,0.9562677212394519,0.8293397502081641
0.19502493739128113,0.11116700619459152,0.07035659998655319,0.4979570806026459,0.19284377673442266,0.08632251405608354,0.1126332593227058,0.6721598131727169
0.11846605688333511,0.10686001926660538,0.18375569581985474,0.6069886088371277,0.05477728819434205,0.20198500779289333,0.26865021048876,0.5248855804076331
0.9601120948791504,0.8696089386940002,0.43655386567115784,0.5651311278343201,0.9452545124546796,0.8007171400570078,0.5094204485406582,0.5973583015742223
0.6643965840339661,0.34612545371055603,0.0059515004977583885,0.5697435736656189,0.5110638348835644,0.3458406766993857,0.01946309072189759,0.5536235118343
0.33432096242904663,0.87986159324646,0.5610358119010925,0.2440529763698578,0.46557043000057274,0.8922030640784792,0.6346762926993782,0.3375233734899135
0.5314991474151611,0.7160586714744568,0.349513441324234,0.4302125871181488,0.7292967235097352,0.5193610856115861,0.45745369744691966,0.5238884592065939
