spearman_dur-pckg,spearman_dur-dram,spearman_dur-peak_rss,spearman_pckg-dram,spearman_pckg-peak_rss,spearman_dram-peak_rss
0.11730806555020223,0.0005421442248338665,0.7627756258603589,0.13833369839449197,0.07542187499760603,0.7756636846367881
0.13833369839449197,0.08972402831709125,0.05184120984456854,0.02888279750673276,0.24112956358950674,0.04614021819350434
0.011143446799694208,0.018573155089460208,0.02509667588225183,0.21449233253280775,0.32822651147136733,0.4670890543863402
0.0330412225454377,0.3848412302612835,0.0031797140860104155,0.44583834154275137,0.1920756967225873,0.47649345335133597
0.17393859716506632,0.12755286970323426,0.48464585126213033,0.32822651147136733,0.6857161990853948,0.6361626038523782
0.03758837757140939,0.13833369839449197,0.8403049467229717,0.5563057751029299,0.3901476799358822,0.9331636940621633
0.186904810349332,0.01580059625057158,0.42208631336590574,0.11730806555020223,0.42208631336590574,0.40169500159656013
0.06668799999999996,0.00034361219776328223,0.08441186126257032,0.11730806555020223,0.8412712675592938,0.0691558441520855
0.053717767217167395,0.00034361219776328223,0.8667017501236011,0.13833369839449197,0.27980907093830576,0.5998202354260891
