shapiro_duration,anderson_duration,dagostino_duration,shapiro_package,anderson_package,dagostino_package,shapiro_dram,anderson_dram,dagostino_dram,shapiro_peak_rss,anderson_peak_rss,dagostino_peak_rss
0.3282783031463623,0.4508257810243888,0.5452961115873582,0.5174441337585449,0.594768249646218,0.3217977252624019,0.3250555694103241,0.4489118391979831,0.5519437811140233,0.9911924004554749,0.9909225175001579,0.9303183091069732
0.40673550963401794,0.3136361855071713,0.7691836862299877,0.5670918822288513,0.692048006247458,0.5091974654400506,0.43010833859443665,0.30939782074534766,0.7497671712876137,0.36136776208877563,0.5145764719275445,0.29345961716252655
0.6169211268424988,0.6383102121159046,0.26267707974807764,0.08624611049890518,0.12176263374025924,0.21989175472029823,0.7754768133163452,0.8021635062284047,0.7153247641751527,0.9554423689842224,0.9726037668032587,0.8381962521533157
0.4743213355541229,0.3590885641274555,0.5240436593091387,0.0596027672290802,0.07376541721324911,0.21462956271008352,0.6621589660644531,0.529046562145072,0.6023887190566068,0.6139513850212097,0.7478699643808392,0.769096121510975
0.903456449508667,0.8077920424199414,0.736083472915527,0.4067904055118561,0.603411574382246,0.3025142964286243,0.8578518033027649,0.7772623546206971,0.8267597691537958,0.5681812763214111,0.6359741170670044,0.5783013919978506
0.5562688708305359,0.34631512524441593,0.45666927998092355,0.613965630531311,0.5487180974330603,0.5346034091158255,0.4649653732776642,0.26654023417676986,0.5092254499803506,0.6566997766494751,0.5164618269970596,0.8458518053084312
0.989899218082428,0.9590363566772178,0.9779734763943723,0.38226327300071716,0.5032701205804491,0.7962167574822079,0.9916937947273254,0.9685657575635815,0.9999855796169514,0.40311959385871887,0.3895852186972957,0.5508035897286103
0.28764837980270386,0.40975459735479847,0.48923529959265466,0.8759254813194275,0.8947631789721309,0.7622803153833555,0.18675364553928375,0.2887511063864463,0.15072611230425043,0.3499906659126282,0.4732280364902545,0.590225142525753
