shapiro_duration,shapiro_package,shapiro_dram,shapiro_peak_rss,anderson_duration,anderson_package,anderson_dram,anderson_peak_rss
0.3282783031463623,0.5174441337585449,0.3250555694103241,0.9911924004554749,0.4508257810243888,0.594768249646218,0.4489118391979831,0.9909225175001579
0.6169211268424988,0.08624611049890518,0.7754768133163452,0.9554423689842224,0.6383102121159046,0.12176263374025924,0.8021635062284047,0.9726037668032587
0.903456449508667,0.4067904055118561,0.8578518033027649,0.5681812763214111,0.8077920424199414,0.603411574382246,0.7772623546206971,0.6359741170670044
0.5562688708305359,0.613965630531311,0.4649653732776642,0.6566997766494751,0.34631512524441593,0.5487180974330603,0.26654023417676986,0.5164618269970596
0.4743213355541229,0.0596027672290802,0.6621589660644531,0.6139513850212097,0.3590885641274555,0.07376541721324911,0.529046562145072,0.7478699643808392
0.989899218082428,0.38226327300071716,0.9916937947273254,0.40311959385871887,0.9590363566772178,0.5032701205804491,0.9685657575635815,0.3895852186972957
0.28764837980270386,0.8759254813194275,0.18675364553928375,0.3499906659126282,0.40975459735479847,0.8947631789721309,0.2887511063864463,0.4732280364902545
0.40673550963401794,0.5670918822288513,0.43010833859443665,0.36136776208877563,0.3136361855071713,0.692048006247458,0.30939782074534766,0.5145764719275445
