spearman_dur-pckg,spearman_dur-dram,spearman_dur-peak_rss,spearman_pckg-dram,spearman_pckg-peak_rss,spearman_dram-peak_rss
0.011143446799694208,6.646897422032013e-64,0.8810361811618526,0.011143446799694208,0.603217610029209,0.8810361811618526
0.009221952722215994,2.279854920641689e-05,0.7514196523258483,0.0005421442248338665,0.7769984634438898,0.5795840000000001
0.24428229408662638,6.646897422032013e-64,0.6129641414000455,0.24428229408662638,0.5654808554237636,0.6129641414000455
0.34659350708733405,9.307459988955517e-08,0.9067992878615369,0.3103760917056799,0.9200750642705431,0.9733266420642306
0.3848412302612835,9.307459988955517e-08,0.7363732340339928,0.48877630451924314,0.025005364503903404,0.6732178199022388
0.053717767217167395,6.646897422032013e-64,0.04791172612997547,0.053717767217167395,0.1075931877824148,0.04791172612997547
0.6271883447764844,0.00034361219776328223,0.9733266420642306,0.5795840000000001,0.7627756258603589,0.8935442648854668
0.5563057751029299,6.646897422032013e-64,0.960119464496727,0.5563057751029299,0.9203184602756675,0.960119464496727
