shapiro_duration,anderson_duration,dagostino_duration,shapiro_package,anderson_package,dagostino_package,shapiro_dram,anderson_dram,dagostino_dram,shapiro_peak_rss,anderson_peak_rss,dagostino_peak_rss
0.0012146142544224858,0.0008568025737497769,0.234089831738793,0.0861959308385849,0.10173292594671796,0.3091097830448006,0.0006821791175752878,0.0005111928261430603,0.23444255859820612,0.03996460512280464,0.031366480931411665,0.1695985933551248
0.007482427172362804,0.009865365229058627,0.06831377586155922,0.19724321365356445,0.29916745623402646,0.16477364106473386,0.008624527603387833,0.011623402686441872,0.07538610429463431,0.030552953481674194,0.031227687575208166,0.4727247104373803
4.6840773393341806e-07,3.6089775047074216e-07,7.582605169206268e-07,9.602363206795417e-07,1.092741726699649e-06,8.730736509609083e-07,5.270561018733133e-07,4.3825527880015383e-07,7.799111732082578e-07,0.39601871371269226,0.4895264519482309,0.35413708907519426
0.011031705886125565,0.013790703361625287,0.3113806350111643,0.013904908671975136,0.017499117959544664,0.2885268170488598,0.010243572294712067,0.013238833804393764,0.3035738694995542,0.0027133869007229805,0.003048058680482622,0.0849048778775234
0.004857473541051149,0.018169620582356973,0.001546391456155087,0.14320959150791168,0.14484258257261703,0.27391721599323166,0.009153061546385288,0.0277049881167047,0.004851510183728936,0.04257208853960037,0.064160660121145,0.2722760163371175
0.00026629201602190733,0.00030703824715741426,0.043383503500609835,0.008177000097930431,0.010465096916803977,0.12143027156658799,0.00045964523451402783,0.0006016845366998747,0.05205186069267239,0.01002621091902256,0.01636304635936553,0.031470164194041125
0.01649480313062668,0.02300860913229574,0.019066364001042453,0.07051737606525421,0.08190331687950902,0.061497081238709804,0.013443594798445702,0.018738498540606687,0.015749126774958076,0.0868634432554245,0.1403783978406006,0.2229723621848788
0.004334150347858667,0.008490010382039798,0.15663622723430934,0.012079020030796528,0.020516925976287903,0.13548005882918562,0.006527096964418888,0.013297343221200813,0.16278380718088734,0.030972059816122055,0.04019992953382934,0.5204780952702623
0.0008896812214516103,0.0011723185584100303,0.20327604829357976,0.08425231277942657,0.08791973032649775,0.2592200856402454,0.0009298934601247311,0.001243504693094258,0.2046170337240506,0.50893235206604,0.49268391573092024,0.999982949018744
