shapiro_duration,shapiro_package,shapiro_dram,shapiro_peak_rss,anderson_duration,anderson_package,anderson_dram,anderson_peak_rss
0.0012146142544224858,0.0861959308385849,0.0006821791175752878,0.03996460512280464,0.0008568025737497769,0.10173292594671796,0.0005111928261430603,0.031366480931411665
0.007482427172362804,0.19724321365356445,0.008624527603387833,0.030552953481674194,0.009865365229058627,0.29916745623402646,0.011623402686441872,0.031227687575208166
4.6840773393341806e-07,9.602363206795417e-07,5.270561018733133e-07,0.39601871371269226,3.6089775047074216e-07,1.092741726699649e-06,4.3825527880015383e-07,0.4895264519482309
0.011031705886125565,0.013904908671975136,0.010243572294712067,0.0027133869007229805,0.013790703361625287,0.017499117959544664,0.013238833804393764,0.003048058680482622
0.004857473541051149,0.14320959150791168,0.009153061546385288,0.04257208853960037,0.018169620582356973,0.14484258257261703,0.0277049881167047,0.064160660121145
0.00026629201602190733,0.008177000097930431,0.00045964523451402783,0.01002621091902256,0.00030703824715741426,0.010465096916803977,0.0006016845366998747,0.01636304635936553
0.01649480313062668,0.07051737606525421,0.013443594798445702,0.0868634432554245,0.02300860913229574,0.08190331687950902,0.018738498540606687,0.1403783978406006
0.004334150347858667,0.012079020030796528,0.006527096964418888,0.030972059816122055,0.008490010382039798,0.020516925976287903,0.013297343221200813,0.04019992953382934
0.0008896812214516103,0.08425231277942657,0.0009298934601247311,0.50893235206604,0.0011723185584100303,0.08791973032649775,0.001243504693094258,0.49268391573092024
