spearman_dur-pckg,spearman_dur-dram,spearman_dur-peak_rss,spearman_pckg-dram,spearman_pckg-peak_rss,spearman_dram-peak_rss
0.20042268671194224,0.00011203450639397582,0.3592376707147828,0.11730806555020223,0.8530368033430833,0.3218862439374824
0.0002044724061488323,0.0011735381801554687,0.5127539306342483,9.307459988955517e-08,0.7985237548304135,0.8516609615884206
0.018573155089460208,2.279854920641689e-05,0.5207915330258043,0.018573155089460208,0.04702445252859799,0.42356778382654603
0.004862061101964606,6.646897422032013e-64,0.5540749249942067,0.004862061101964606,0.211479264884882,0.5540749249942067
0.0016368033159867143,9.307459988955517e-08,0.052102745539351195,0.0008138621117322101,0.07243682599528564,0.06516810717175442
0.01580059625057158,1.4675461874042197e-06,0.905932801229498,0.009221952722215994,0.5855050742763919,0.98653737812966
0.0002044724061488323,9.307459988955517e-08,0.8393207610060259,0.00011203450639397582,0.8393207610060259,0.8393207610060259
0.00034361219776328223,9.307459988955517e-08,0.9453199945152113,0.0005421442248338665,0.9044333503367094,1.0
0.004862061101964606,9.307459988955517e-08,0.6361626038523782,0.009221952722215994,0.4628428579637711,0.7491899665487568
