shapiro_duration,anderson_duration,dagostino_duration,shapiro_package,anderson_package,dagostino_package,shapiro_dram,anderson_dram,dagostino_dram,shapiro_peak_rss,anderson_peak_rss,dagostino_peak_rss
0.1304854303598404,0.1644387850296314,0.027617678946810404,0.1673317700624466,0.27288502722602553,0.038070572704859515,0.12248509377241135,0.15581585837347445,0.023890943263926885,0.9354767203330994,0.936813877562003,0.9156766779537494
0.1316528618335724,0.16173508436686043,0.514158771467292,0.7841241359710693,0.5877310363413535,0.4074955942376075,0.0043640402145683765,0.011510036119900325,0.0010882129486138325,0.2605905532836914,0.39734594362728676,0.3789517600139695
0.02205183357000351,0.028161718955856303,0.3053747355834065,0.5392122864723206,0.38545368396980517,0.9881642492443068,0.1510859727859497,0.1730884391788701,0.09958968205531606,0.1812327802181244,0.25943012443136204,0.4465064017458018
0.5686610341072083,0.6485440866895329,0.8223167861397533,0.43179598450660706,0.4677552064367511,0.7507260258496062,0.570823609828949,0.6138565487185683,0.4497537882892473,0.8556004762649536,0.8575577427541387,0.9203373533310018
0.774814248085022,0.8624643705054247,0.8512645865420483,0.8554728031158447,0.8984331087368176,0.8316736730680582,0.7705554962158203,0.8550984959771051,0.865268010922868,0.43848419189453125,0.5110679748873865,0.7999880951096686
1.4421372895867535e-07,4.714635900501962e-08,6.349894820968231e-07,1.38704805863199e-07,4.41840252864634e-08,6.344307472740477e-07,1.4670452230802766e-07,4.8426571553856097e-08,6.353165909230612e-07,0.006024061236530542,0.010889805643673426,0.12651187951564183
0.03719974309206009,0.0634473075171178,0.1296193732208055,0.4406649172306061,0.3012513110573737,0.7789270756139725,0.03472822904586792,0.06064596534927871,0.13832982503219046,0.2364536076784134,0.24809192984186007,0.42099697697479554
0.008741888217628002,0.01763032669762811,0.01113295562730483,0.010098078288137913,0.01433006964615028,0.025904697979205544,0.03648838773369789,0.04130279928941721,0.04670544912041353,0.11671566218137741,0.1073956661572931,0.4185452514228094
