spearman_dur-pckg,spearman_dur-dram,spearman_dur-peak_rss,spearman_pckg-dram,spearman_pckg-peak_rss,spearman_dram-peak_rss
0.5334005612725947,6.646897422032013e-64,0.7371590938066886,0.5334005612725947,0.8935442648854668,0.7371590938066886
5.484052998513666e-05,0.00011203450639397582,0.8543750609172778,0.0029402270232795065,1.0,0.5207915330258043
0.14965567342083677,9.307459988955517e-08,0.5855050742763919,0.186904810349332,0.4929429157541294,0.7091817589716367
0.9602404181286243,0.0011735381801554687,0.3266572580343009,0.7769984634438898,0.7252501396569361,0.6261234187474365
0.053717767217167395,9.307459988955517e-08,0.33420797438355215,0.05997214247725524,0.05799168590199236,0.35285784928578817
0.603217610029209,0.0011735381801554687,0.36392707596751084,0.2930500752928223,0.7379379712336098,0.8151715445415288
0.04791172612997547,0.0029402270232795065,0.9867429111949892,0.1075931877824148,0.9867429111949892,0.8810361811618526
0.17393859716506632,6.646897422032013e-64,0.34659350708733405,0.17393859716506632,0.13833369839449197,0.34659350708733405
