shapiro_duration,anderson_duration,dagostino_duration,shapiro_package,anderson_package,dagostino_package,shapiro_dram,anderson_dram,dagostino_dram,shapiro_peak_rss,anderson_peak_rss,dagostino_peak_rss
0.9603249430656433,0.9411675710613517,0.7657429851547864,0.5058274865150452,0.5016712862550019,0.4171348818804377,0.795768678188324,0.8002533213221921,0.8518550510946296,0.9234822988510132,0.8930539057072432,0.9083799345980482
0.8823073506355286,0.7877119414855268,0.9811559607563622,0.6433047652244568,0.7405034226581602,0.5992137767475815,0.09364806115627289,0.1520217270932456,0.2722917613414092,0.6580590605735779,0.5806819958321427,0.6737653892600866
0.8925840258598328,0.9438489489379274,0.8640597913416055,0.6662536263465881,0.6147832381548137,0.9721968334934706,0.7450525760650635,0.8490276988396176,0.5999715957905107,0.17949233949184418,0.32364130326305607,0.42022992983718555
0.4119139611721039,0.32109044688992894,0.6113201187069315,0.45790499448776245,0.5216260015444479,0.710118778968667,0.30420270562171936,0.48454666862419116,0.3493415325156935,0.40299010276794434,0.29163796452011254,0.16294053777904083
0.5079318881034851,0.5344804884577923,0.514289874513185,0.35933035612106323,0.3324735654822043,0.7748350330654723,0.1787969470024109,0.27091920914320633,0.45373816684109924,0.13666458427906036,0.21891593076428328,0.5383637194109149
0.7532421350479126,0.7424170571953761,0.9166934598888931,0.19139434397220612,0.3730629346600575,0.5907938070275511,0.3613399267196655,0.5253272573637073,0.2219173894788947,0.035847730934619904,0.06546965983304005,0.00911954340538687
