shapiro_duration,shapiro_package,shapiro_dram,shapiro_peak_rss,anderson_duration,anderson_package,anderson_dram,anderson_peak_rss
0.5079318881034851,0.35933035612106323,0.1787969470024109,0.13666458427906036,0.5344804884577923,0.3324735654822043,0.27091920914320633,0.21891593076428328
0.8925840258598328,0.6662536263465881,0.7450525760650635,0.17949233949184418,0.9438489489379274,0.6147832381548137,0.8490276988396176,0.32364130326305607
0.4119139611721039,0.45790499448776245,0.30420270562171936,0.40299010276794434,0.32109044688992894,0.5216260015444479,0.48454666862419116,0.29163796452011254
0.7532421350479126,0.19139434397220612,0.3613399267196655,0.035847730934619904,0.7424170571953761,0.3730629346600575,0.5253272573637073,0.06546965983304005
0.9603249430656433,0.5058274865150452,0.795768678188324,0.9234822988510132,0.9411675710613517,0.5016712862550019,0.8002533213221921,0.8930539057072432
0.8823073506355286,0.6433047652244568,0.09364806115627289,0.6580590605735779,0.7877119414855268,0.7405034226581602,0.1520217270932456,0.5806819958321427
