spearman_dur-pckg,spearman_dur-dram,spearman_dur-peak_rss,spearman_pckg-dram,spearman_pckg-peak_rss,spearman_dram-peak_rss
0.013330146315440047,0.0060999233136969115,0.5282230346638654,0.011143446799694208,0.44001452222946114,0.748433303989289
0.011143446799694208,0.007547007781067878,0.7091817589716367,0.0029402270232795065,0.5855050742763919,0.8260953872276983
0.02888279750673276,0.0330412225454377,0.7109173320834505,0.0011735381801554687,0.4957104969637889,0.2473172208874933
0.5795840000000001,0.3103760917056799,0.5422860061663481,0.004862061101964606,0.29847680928666376,0.8146136789854659
0.186904810349332,0.24428229408662638,0.35285784928578817,0.8810361811618526,0.2648874395842974,0.6991741437226109
0.7514196523258483,0.7009318849100584,0.9733266420642306,0.12755286970323426,0.5082267912379744,0.7886012474690364
