shapiro_duration,anderson_duration,dagostino_duration,shapiro_package,anderson_package,dagostino_package,shapiro_dram,anderson_dram,dagostino_dram,shapiro_peak_rss,anderson_peak_rss,dagostino_peak_rss
0.2217840552330017,0.309400255079067,0.378212806217653,0.3241654932498932,0.2828217840667769,0.560958764010818,0.8071320056915283,0.8547787189230538,0.6568701171206667,0.1399843841791153,0.13860628895603602,0.42291170216953666
0.06729467213153839,0.10638656042765916,0.08030734952211364,0.6875863671302795,0.7937645981778689,0.8776128003745999,0.4615974724292755,0.48374299036943563,0.5539101095529135,0.08760135620832443,0.11442531495810944,0.4050888428060766
0.29090607166290283,0.37543415020290916,0.2584925700565194,0.06989079713821411,0.07156414188960705,0.09973335387926292,0.052435338497161865,0.08475849001485657,0.038462271094948125,0.024537382647395134,0.028725052184794396,0.049166843050063705
0.1612173467874527,0.16161426126431205,0.06414053510821853,0.07286038994789124,0.14148419655259478,0.01687873073272158,0.33712494373321533,0.2648808647754367,0.20953475812956832,0.3949710428714752,0.5276168201040325,0.607761534059536
0.3355725407600403,0.4332394391937497,0.42889458870449104,0.6988257765769958,0.7481101620297623,0.6648848108295123,0.21763718128204346,0.3036043598458449,0.49281811222151417,0.869152843952179,0.8624552898955772,0.8268793028188399
0.0009602495119906962,0.003028850576592861,7.3256053638408e-05,0.20396533608436584,0.33531170213928224,0.24481500864970848,0.16821689903736115,0.17489172671149475,0.34893027013021144,0.844216525554657,0.8787417806714725,0.9820100905559234
0.5614856481552124,0.6019183977952643,0.33455981752048747,0.00946361105889082,0.00986500633359365,0.09675060096520588,0.8691229820251465,0.906549720906431,0.834403585117179,0.01723131723701954,0.046525377517710444,0.0017052076239992653
0.8267281651496887,0.7956104392666639,0.8853554314441244,0.7048689723014832,0.8215609068059582,0.8392318003758265,0.24728155136108398,0.3175217169851496,0.4128432202250527,0.00613429443910718,0.019495933546790092,0.0011668608977436663
0.6740150451660156,0.8058943790413924,0.5807765521529706,0.18571901321411133,0.21172240829132727,0.45032264475394823,0.06791123747825623,0.10701380232152599,0.2504222726455873,0.14676298201084137,0.17450388502281605,0.5199025495468849
