shapiro_duration,shapiro_package,shapiro_dram,shapiro_peak_rss,anderson_duration,anderson_package,anderson_dram,anderson_peak_rss
0.2217840552330017,0.3241654932498932,0.8071320056915283,0.1399843841791153,0.309400255079067,0.2828217840667769,0.8547787189230538,0.13860628895603602
0.5614856481552124,0.00946361105889082,0.8691229820251465,0.01723131723701954,0.6019183977952643,0.00986500633359365,0.906549720906431,0.046525377517710444
0.8267281651496887,0.7048689723014832,0.24728155136108398,0.00613429443910718,0.7956104392666639,0.8215609068059582,0.3175217169851496,0.019495933546790092
0.29090607166290283,0.06989079713821411,0.052435338497161865,0.024537382647395134,0.37543415020290916,0.07156414188960705,0.08475849001485657,0.028725052184794396
0.6740150451660156,0.18571901321411133,0.06791123747825623,0.14676298201084137,0.8058943790413924,0.21172240829132727,0.10701380232152599,0.17450388502281605
0.06729467213153839,0.6875863671302795,0.4615974724292755,0.08760135620832443,0.10638656042765916,0.7937645981778689,0.48374299036943563,0.11442531495810944
0.0009602495119906962,0.20396533608436584,0.16821689903736115,0.844216525554657,0.003028850576592861,0.33531170213928224,0.17489172671149475,0.8787417806714725
0.1612173467874527,0.07286038994789124,0.33712494373321533,0.3949710428714752,0.16161426126431205,0.14148419655259478,0.2648808647754367,0.5276168201040325
0.3355725407600403,0.6988257765769958,0.21763718128204346,0.869152843952179,0.4332394391937497,0.7481101620297623,0.3036043598458449,0.8624552898955772
