spearman_dur-pckg,spearman_dur-dram,spearman_dur-peak_rss,spearman_pckg-dram,spearman_pckg-peak_rss,spearman_dram-peak_rss
0.08972402831709125,0.32822651147136733,0.22870843693607582,0.2930500752928223,0.3112625747973301,0.5269017021477522
0.5334005612725947,0.0002044724061488323,0.7244360974087536,0.3654683104386702,0.7756636846367881,0.40169500159656013
0.7009318849100584,0.20584999674311066,0.2228181042830319,0.20584999674311066,0.5748125526418609,0.8525935160465902
0.021665923367532435,0.00011203450639397582,0.7499398453270247,0.08972402831709125,0.63721551526981,0.7627756258603589
0.7260570147627894,0.0002044724061488323,0.8539330451371616,0.7514196523258483,0.5422860061663481,0.38178736979537065
0.24428229408662638,0.07653771742823341,0.5666951380068741,0.4549860079540271,0.44439914146883686,0.5480566261273476
0.3654683104386702,0.012899731006897746,0.1075931877824148,0.024470990757150354,0.8027717312071619,0.23506197663269415
0.8287173946974606,0.1615229280174558,0.1075931877824148,0.5795840000000001,0.7769984634438898,0.25999776683488757
0.6760651759978538,0.00034361219776328223,0.05799168590199236,0.7260570147627894,0.3720185798425297,0.29847680928666376
