shapiro_duration,anderson_duration,dagostino_duration,shapiro_package,anderson_package,dagostino_package,shapiro_dram,anderson_dram,dagostino_dram,shapiro_peak_rss,anderson_peak_rss,dagostino_peak_rss
0.005590409506112337,0.010566180073564855,0.021758404113342022,0.5473382472991943,0.7483977145229134,0.6447888639074754,0.005277854856103659,0.009954380041749596,0.022744645677526685,0.048791781067848206,0.03857647784209477,0.3558045837627872
0.3190358579158783,0.3948845007218389,0.6160727894940099,0.1484714150428772,0.1953765275667225,0.47686390686908675,0.30461323261260986,0.3655810735853167,0.6103036562096045,0.12752382457256317,0.10928533466267142,0.4970044771303537
0.010466578416526318,0.029471679386676473,0.0009279301978185119,0.50063157081604,0.29962374575962286,0.4252342667574408,0.01048910804092884,0.030124021574841894,0.0009036796204130403,0.23680877685546875,0.16056608249587984,0.36076451672220594
0.0001274709647987038,0.0005657533939598842,1.5221062623723246e-05,0.9099838733673096,0.9215506881046983,0.8171746890628317,0.00013525817485060543,0.0005874008305119563,1.597667889457028e-05,0.5633074641227722,0.43302077590920157,0.328240631319362
7.197317017926252e-07,6.924186097392174e-07,8.250066830050208e-07,0.0001486859400756657,0.0004559593185498986,3.3952165417692886e-05,7.28025213447836e-07,7.143551713026463e-07,8.338239027282843e-07,0.8723232746124268,0.8300178021856662,0.45727142913123453
0.06360342353582382,0.06769559869603403,0.035346316263824444,0.48737531900405884,0.5943712583037757,0.6029881660555516,0.05750764533877373,0.055643670244911424,0.037640294396344934,0.27167800068855286,0.4223977646687355,0.2805690951228941
0.04560736194252968,0.06698753529019182,0.0820021639423977,0.4019044041633606,0.48629039974304616,0.2076402188927612,0.04167842119932175,0.059149378825290186,0.041805675966197116,0.6897489428520203,0.7574678239874693,0.5765150499334224
0.0006748713785782456,0.0012309730630680974,0.0027103875796009426,0.44509005546569824,0.45780826934746965,0.18240799394949997,0.0007930879364721477,0.0014322522760470166,0.003105832846906359,0.31805506348609924,0.36597103389922847,0.4127293516913717
0.3079214096069336,0.4143180086278683,0.5230541631596239,0.8413532376289368,0.8907220521872258,0.6590425869373648,0.24035032093524933,0.32431176352814584,0.48504580237472505,0.7305160164833069,0.6203286081210542,0.7541829871460375
