shapiro_duration,shapiro_package,shapiro_dram,shapiro_peak_rss,anderson_duration,anderson_package,anderson_dram,anderson_peak_rss
0.005590409506112337,0.5473382472991943,0.005277854856103659,0.048791781067848206,0.010566180073564855,0.7483977145229134,0.009954380041749596,0.03857647784209477
0.3190358579158783,0.1484714150428772,0.30461323261260986,0.12752382457256317,0.3948845007218389,0.1953765275667225,0.3655810735853167,0.10928533466267142
0.010466578416526318,0.50063157081604,0.01048910804092884,0.23680877685546875,0.029471679386676473,0.29962374575962286,0.030124021574841894,0.16056608249587984
0.0001274709647987038,0.9099838733673096,0.00013525817485060543,0.5633074641227722,0.0005657533939598842,0.9215506881046983,0.0005874008305119563,0.43302077590920157
7.197317017926252e-07,0.0001486859400756657,7.28025213447836e-07,0.8723232746124268,6.924186097392174e-07,0.0004559593185498986,7.143551713026463e-07,0.8300178021856662
0.06360342353582382,0.48737531900405884,0.05750764533877373,0.27167800068855286,0.06769559869603403,0.5943712583037757,0.055643670244911424,0.4223977646687355
0.04560736194252968,0.4019044041633606,0.04167842119932175,0.6897489428520203,0.06698753529019182,0.48629039974304616,0.059149378825290186,0.7574678239874693
0.0006748713785782456,0.44509005546569824,0.0007930879364721477,0.31805506348609924,0.0012309730630680974,0.45780826934746965,0.0014322522760470166,0.36597103389922847
0.3079214096069336,0.8413532376289368,0.24035032093524933,0.7305160164833069,0.4143180086278683,0.8907220521872258,0.32431176352814584,0.6203286081210542
