spearman_dur-pckg,spearman_dur-dram,spearman_dur-peak_rss,spearman_pckg-dram,spearman_pckg-peak_rss,spearman_dram-peak_rss
NOT VALID,NOT VALID,NOT VALID,NOT VALID,NOT VALID,NOT VALID
NOT VALID,NOT VALID,NOT VALID,NOT VALID,NOT VALID,NOT VALID
NOT VALID,NOT VALID,NOT VALID,NOT VALID,NOT VALID,NOT VALID
0.08972402831709125,6.646897422032013e-64,0.016506245498100505,0.08972402831709125,NOT VALID,0.016506245498100505
0.34659350708733405,6.646897422032013e-64,0.6741752533023246,0.34659350708733405,NOT VALID,0.6741752533023246
NOT VALID,NOT VALID,NOT VALID,NOT VALID,NOT VALID,NOT VALID
0.9867429111949892,7.320974809529922e-06,0.3848412302612835,0.7769984634438898,NOT VALID,0.3103760917056799
0.013330146315440047,9.307459988955517e-08,0.6494602227242312,0.0060999233136969115,0.40169500159656013,0.4970775764810612
0.0005421442248338665,6.646897422032013e-64,NOT VALID,0.0005421442248338665,NOT VALID,NOT VALID
