spearman_dur-pckg,spearman_dur-dram,spearman_dur-peak_rss,spearman_pckg-dram,spearman_pckg-peak_rss,spearman_dram-peak_rss
0.0005421442248338665,6.646897422032013e-64,0.3544183270183252,0.0005421442248338665,0.7252501396569361,0.3544183270183252
0.22911284098281892,6.646897422032013e-64,0.26986858257602425,0.22911284098281892,0.8530368033430833,0.26986858257602425
0.34659350708733405,6.646897422032013e-64,0.6741752533023246,0.34659350708733405,0.6741752533023246,0.6741752533023246
0.08972402831709125,6.646897422032013e-64,0.016506245498100505,0.08972402831709125,0.12211083031892074,0.016506245498100505
0.013330146315440047,9.307459988955517e-08,0.6494602227242312,0.0060999233136969115,0.40169500159656013,0.4970775764810612
0.7769984634438898,7.320974809529922e-06,0.016646879953377023,0.9337729580941466,0.3833197978009887,0.021090925985548795
0.21449233253280775,9.307459988955517e-08,0.3932011151432977,0.22911284098281892,0.0885368480246987,0.4549860079540271
0.9867429111949892,7.320974809529922e-06,0.3848412302612835,0.7769984634438898,0.4047016712701569,0.3103760917056799
0.13833369839449197,9.307459988955517e-08,0.7514196523258483,0.186904810349332,0.7514196523258483,0.8287173946974606
